ccn,first_year,last_year,n_years,any_merger,treated,fac_name,unaccounted_disappearance,likely_missed_merger,disappearance_year
010018,2011,2018,5,0,0,,1,1,2019
010025,2011,2013,3,0,0,GEORGE H. LANIER MEMORIAL HOSPITAL,1,1,2014
010032,2011,2018,8,0,1,WEDOWEE HOSPITAL,0,0,2019
010054,2011,2013,3,0,0,PARKWAY MEDICAL CENTER,1,1,2014
010146,2011,2018,7,0,1,JACKSONVILLE MEDICAL CENTER,0,0,2019
012013,2011,2016,6,0,0,,1,1,2017
013027,2011,2014,4,0,0,,1,1,2015
014007,2011,2018,8,0,0,,1,1,2019
014009,2011,2015,5,0,0,,1,1,2016
014011,2012,2014,3,0,0,,1,1,2015
020027,2011,2016,6,0,0,MT EDGECUMBE HOSPITAL,1,1,2017
030001,2011,2017,7,0,1,MARYVALE HOSPITAL,0,0,2018
030033,2011,2018,8,0,1,PAYSON REGIONAL MEDICAL CENTER,0,0,2019
030067,2011,2013,3,0,0,LA PAZ REGIONAL HOSPITAL,1,1,2014
030118,2011,2016,6,0,0,YAVAPAI REGIONAL MEDICAL CENTER-EAST,1,1,2017
030120,2011,2017,7,0,0,GILBERT HOSPITAL,1,1,2018
030126,2011,2013,3,0,0,,1,1,2014
030132,2012,2017,6,0,0,,1,1,2018
031303,2011,2014,4,0,0,SOUTHEAST ARIZONA MEDICAL CENTER,1,1,2015
032007,2011,2015,5,0,0,,1,1,2016
032008,2011,2015,5,0,0,,1,1,2016
033301,2011,2017,7,0,0,,1,1,2018
033303,2016,2018,3,0,0,,1,1,2019
040042,2011,2014,4,0,0,CRITTENDEN MEMORIAL HOSPITAL,1,1,2015
040074,2011,2017,7,0,1,NORTH METRO MEDICAL CENTER,0,0,2018
040080,2011,2015,5,0,0,HARRIS HOSPITAL,1,1,2016
041319,2011,2017,7,0,0,"DE QUEEN MEDICAL CENTER, INC",1,1,2018
042000,2011,2014,4,0,0,,1,1,2015
050018,2011,2016,6,0,0,PACIFIC ALLIANCE MEDICAL CENTER,1,1,2017
050046,2011,2014,4,0,0,,1,1,2015
050079,2011,2015,5,0,0,DOCTORS MEDICAL CENTER-SAN PABLO,1,1,2016
050111,2011,2014,4,0,0,TEMPLE COMMUNITY HOSPITAL,1,1,2015
050153,2011,2017,7,0,0,O'CONNOR HOSPITAL,1,1,2018
050196,2011,2015,5,0,0,CENTRAL VALLEY GENERAL HOSPITAL,1,1,2016
050225,2011,2018,8,0,0,FEATHER RIVER HOSPITAL,1,1,2019
050277,2011,2013,3,0,0,PACIFIC HOSPITAL OF LONG BEACH,1,1,2014
050289,2011,2018,8,0,0,SETON MEDICAL CENTER,1,1,2019
050320,2011,2018,8,0,0,ALAMEDA COUNTY MEDICAL CENTER,1,1,2019
050349,2011,2013,3,0,0,CORCORAN DISTRICT HOSPITAL,1,1,2014
050359,2011,2017,7,0,0,TULARE REGIONAL MEDICAL CENTER,1,1,2018
050385,2011,2013,3,0,0,PALM DRIVE HOSPITAL,1,1,2014
050434,2011,2014,4,0,0,COLUSA REGIONAL MEDICAL CENTER,1,1,2015
050552,2011,2017,6,0,0,MOTION PICTURE & TELEVISION HOSPITAL,1,1,2018
050575,2011,2016,6,0,0,TRI-CITY REGIONAL MEDICAL CENTER,1,1,2017
050618,2011,2013,3,0,0,BEAR VALLEY COMMUNITY HOSPITAL,1,1,2014
050688,2011,2017,7,0,0,SAINT LOUISE REGIONAL HOSPITAL,1,1,2018
050727,2011,2017,7,1,1,COMMUNITY HOSPITAL OF LONG BEACH,0,0,2018
050732,2011,2014,4,0,0,FRESNO HEART AND SURGICAL HOSPITAL,1,1,2015
050781,2016,2018,3,0,0,SONOMA WEST MEDICAL CENTER,1,1,2019
051994,2011,2018,8,0,0,,1,1,2019
051995,2014,2017,4,0,0,,1,1,2018
052051,2011,2017,7,0,0,,1,1,2018
053027,2011,2015,5,0,0,,1,1,2016
053310,2011,2017,7,0,0,,1,1,2018
054147,2011,2018,8,0,0,,1,1,2019
060016,2011,2015,5,0,0,CENTURA HEALTH-ST THOMAS MORE HOSPITAL,1,1,2016
060036,2011,2016,6,0,0,ARKANSAS VALLEY REGIONAL MEDICAL CENTER,1,1,2017
060043,2011,2017,7,0,0,KEEFE MEMORIAL HOSPITAL,1,1,2018
061991,2011,2017,7,0,0,,1,1,2018
062015,2011,2018,8,0,0,,1,1,2019
062016,2011,2017,7,0,0,,1,1,2018
064018,2011,2013,3,0,0,,1,1,2014
064025,2011,2016,6,0,0,,1,1,2017
070015,2011,2014,4,0,0,NEW MILFORD HOSPITAL,1,1,2015
070040,2011,2018,8,0,0,HEBREW HOME AND HOSPITAL INC,1,1,2019
072006,2011,2018,8,0,0,,1,1,2019
090006,2011,2018,8,0,0,PROVIDENCE HOSPITAL,1,1,2019
100009,2011,2017,7,0,0,UNIVERSITY OF MIAMI HOSPITAL,1,1,2018
100062,2011,2018,7,0,1,MUNROE REGIONAL MEDICAL CENTER,0,0,2019
100076,2011,2014,4,0,0,METROPOLITAN HOSPITAL OF MIAMI,1,1,2015
100234,2011,2015,5,0,0,COLUMBIA HOSPITAL,1,1,2016
100239,2011,2014,4,0,0,EDWARD WHITE HOSPITAL,1,1,2015
100255,2011,2018,8,0,1,TOWN & COUNTRY HOSPITAL,0,0,2019
100322,2014,2017,4,0,0,REGIONAL GENERAL HOSPITAL WILLISTON,1,1,2018
101302,2011,2015,5,0,0,CAMPBELLTON GRACEVILLE HOSPITAL,1,1,2016
101303,2011,2018,8,0,0,LAKE BUTLER HOSPITAL HAND SURGERY CENTER,1,1,2019
101312,2011,2017,7,0,0,FISHERMEN'S HOSPITAL,1,1,2018
101992,2011,2013,3,0,0,,1,1,2014
102016,2011,2018,8,0,0,,1,1,2019
102017,2011,2018,8,0,0,,1,1,2019
104018,2013,2015,3,0,0,,1,1,2016
104065,2011,2017,7,0,0,,1,1,2018
104068,2011,2018,8,0,0,,1,1,2019
110004,2011,2016,6,1,1,HUTCHESON MEDICAL CENTER,0,0,2017
110039,2011,2017,7,0,1,TRINITY HOSPITAL OF AUGUSTA,0,0,2018
110183,2011,2014,4,0,0,EMORY-ADVENTIST HOSPITAL,1,1,2015
110186,2011,2014,4,0,0,DOCTORS HOSPITAL,1,1,2015
110187,2011,2017,7,0,0,CHESTATEE REGIONAL HOSPITAL,1,1,2018
110205,2011,2015,5,0,0,NORTH GEORGIA MEDICAL CENTER,1,1,2016
111303,2011,2018,8,0,0,JASPER MEMORIAL HOSPITAL,1,1,2019
111315,2011,2014,4,0,0,CHARLTON MEMORIAL HOSPITAL,1,1,2015
111321,2011,2013,3,0,0,"LOWER OCONEE COMMUNITY HOSPITAL, INC",1,1,2014
111322,2011,2013,3,0,0,STEWART WEBSTER HOSPITAL,1,1,2014
112005,2011,2016,6,0,0,,1,1,2017
112009,2011,2017,7,0,0,,1,1,2018
112014,2011,2017,7,0,0,,1,1,2018
112015,2011,2018,8,0,0,,1,1,2019
114015,2011,2013,3,0,0,,1,1,2014
114021,2011,2013,3,0,0,,1,1,2014
121304,2011,2015,5,0,0,KAHUKU MEDICAL CENTER,1,1,2016
121305,2011,2018,6,0,1,LANAI COMMUNITY HOSPITAL,0,0,2019
130067,2012,2018,7,0,0,IDAHO DOCTORS HOSPITAL,1,1,2019
132003,2011,2017,7,0,0,,1,1,2018
133025,2011,2014,4,0,0,,1,1,2015
134011,2011,2015,5,0,0,,1,1,2016
134014,2011,2014,4,0,0,,1,1,2015
140026,2011,2014,4,0,0,ST MARYS HOSPITAL,1,1,2015
140051,2011,2013,3,0,0,SKOKIE HOSPITAL,1,1,2014
140176,2011,2017,7,0,0,CENTEGRA HEALTH SYSTEM - WOODSTOCK HOSPITAL,1,1,2018
141329,2011,2018,8,0,0,MORRISON COMMUNITY HOSPITAL,1,1,2019
142014,2011,2018,8,0,0,,1,1,2019
150003,2011,2014,4,0,0,AHHS CRYSTAL LAKE BRANCH OFFICE,1,1,2015
150038,2011,2015,5,1,1,INDIANA UNIVERSITY HEALTH MORGAN HOSPITAL INC,0,0,2016
150129,2011,2015,5,1,1,WESTVIEW HOSPITAL,0,0,2016
150154,2011,2014,4,0,0,INDIANA HEART HOSPITAL THE,1,1,2015
150163,2011,2013,3,0,0,SAINT CATHERINE REGIONAL HOSPITAL,1,1,2014
150164,2011,2014,4,0,1,MONROE HOSPITAL,0,0,2015
150175,2011,2018,8,0,0,THE HEART HOSPITAL AT DEACONESS GATEWAY LLC,1,1,2019
150182,2013,2018,6,0,0,FRANCISCAN ST FRANCIS HEALTH - CARMEL,1,1,2019
152008,2011,2016,6,0,0,,1,1,2017
152016,2011,2016,6,0,0,,1,1,2017
152018,2011,2017,7,0,0,,1,1,2018
152021,2011,2014,4,0,0,,1,1,2015
152026,2011,2014,4,0,0,,1,1,2015
154062,2015,2017,3,0,0,,1,1,2018
162002,2011,2016,6,0,0,GENTIVA HEALTH SERVICES,1,1,2017
164004,2011,2014,4,0,0,,1,1,2015
164005,2011,2014,4,0,0,,1,1,2015
170001,2011,2013,3,0,0,NEWMAN REGIONAL HEALTH,1,1,2014
170010,2011,2015,5,0,0,MERCY HOSPITAL OF KANSAS INDEPENDENCE,1,1,2016
170058,2011,2018,8,0,0,MERCY HEALTH CENTER,1,1,2019
170094,2011,2017,7,0,0,COFFEY COUNTY HOSPITAL,1,1,2018
170195,2011,2013,3,0,0,HEARTLAND SURGICAL SPEC HOSPITAL,1,1,2014
170201,2011,2016,6,0,0,"BLUE VALLEY HOSPITAL, INC",1,1,2017
171308,2011,2018,8,0,0,ST JOHNS MAUDE NORTON MEMORIAL HOSPITAL,1,1,2019
171320,2011,2018,8,0,0,HORTON COMMUNITY HOSPITAL,1,1,2019
171366,2011,2017,7,0,0,HARPER HOSPITAL DISTRICT NO 5,1,1,2018
172003,2011,2017,7,0,0,,1,1,2018
172006,2011,2015,5,0,0,,1,1,2016
174004,2011,2015,5,0,0,,1,1,2016
174010,2011,2013,3,0,0,,1,1,2014
180021,2011,2018,8,0,0,PINEVILLE COMMUNITY HOSPITAL,1,1,2019
180117,2011,2014,4,0,0,PARKWAY REGIONAL HOSPITAL,1,1,2015
181303,2011,2013,3,0,0,NICHOLAS COUNTY HOSPITAL,1,1,2014
181312,2011,2015,5,0,0,NEW HORIZONS MEDICAL CENTER,1,1,2016
183300,2014,2017,4,0,0,,1,1,2018
190001,2011,2013,3,0,0,,1,1,2014
190003,2011,2015,5,0,0,DAUTERIVE HOSPITAL,1,1,2016
190009,2011,2013,3,0,0,HUEY P LONG MEDICAL CENTER,1,1,2014
190175,2011,2014,4,0,0,RIVER PARISHES HOSPITAL,1,1,2015
190177,2011,2017,7,0,0,LAKEVIEW REGIONAL MEDICAL CENTER,1,1,2018
190199,2011,2017,7,0,0,VILLA FELICIANA MEDICAL COMPLEX,1,1,2018
190205,2011,2018,8,0,0,THE REGIONAL MEDICAL CENTER OF ACADIANA,1,1,2019
190236,2011,2017,7,0,0,WILLIS KNIGHTON BOSSIER HEALTH CENTER,1,1,2018
190242,2011,2018,8,0,0,ST ELIZABETH HOSPITAL,1,1,2019
190246,2011,2018,8,0,0,P & S SURGICAL HOSPITAL,1,1,2019
190250,2011,2016,6,0,0,"LOUISIANA MEDICAL CENTER AND HEART HOSPITAL, LLC",1,1,2017
190257,2011,2014,4,0,0,GREEN CLINIC SURGICAL HOSPITAL,1,1,2015
190261,2011,2015,5,0,0,OUACHITA COMMUNITY HOSPITAL,1,1,2016
190297,2011,2017,7,0,0,DOCTORS HOSPITAL AT DEER CREEK LLC,1,1,2018
190307,2011,2018,4,0,0,SOUTH CAMERON MEMORIAL HOSPITAL,1,1,2019
191306,2011,2018,8,0,0,WEST FELICIANA PARISH HOSPITAL CAH,1,1,2019
192019,2011,2018,8,0,0,,1,1,2019
192020,2011,2013,3,0,0,,1,1,2014
192024,2011,2013,3,0,0,,1,1,2014
192025,2011,2013,3,0,0,,1,1,2014
192033,2011,2017,7,0,0,,1,1,2018
192040,2011,2018,8,0,0,,1,1,2019
192046,2011,2014,4,0,0,,1,1,2015
192049,2011,2018,8,0,0,,1,1,2019
192050,2011,2014,4,0,0,,1,1,2015
192051,2011,2015,5,0,0,,1,1,2016
193089,2011,2014,4,0,0,,1,1,2015
194025,2011,2014,4,0,0,,1,1,2015
194075,2011,2016,6,0,0,,1,1,2017
194076,2011,2013,3,0,0,,1,1,2014
194078,2011,2018,8,0,0,,1,1,2019
194097,2011,2016,6,0,0,,1,1,2017
200002,2011,2013,3,0,0,MILES MEMORIAL HOSPITAL (LINCOLN COUNTY HEALTHCARE,1,1,2014
200025,2011,2015,5,0,0,PARKVIEW ADVENTIST MEDICAL CENTER,1,1,2016
200040,2011,2014,4,0,0,HENRIETTA D GOODALL HOSPITAL,1,1,2015
204007,2011,2013,3,0,0,,1,1,2014
210055,2011,2018,8,0,1,LAUREL REGIONAL MEDICAL CENTER,0,0,2019
213301,2011,2018,8,0,0,,1,1,2019
214013,2011,2018,8,0,0,,1,1,2019
220050,2011,2016,6,0,0,BAYSTATE MARY LANE HOSPITAL,1,1,2017
220051,2011,2014,4,0,0,NORTH ADAMS REGIONAL HOSPITAL,1,1,2015
220058,2011,2017,7,0,0,CLINTON HOSPITAL ASSOCIATION,1,1,2018
220067,2011,2014,4,1,1,QUINCY MEDICAL CENTER,0,0,2015
220082,2011,2014,4,0,0,SAINTS  MEDICAL CENTER INC,1,1,2015
220154,2011,2014,4,0,0,,1,1,2015
220172,2011,2013,3,0,0,,1,1,2014
220174,2011,2014,4,1,1,MERRIMACK VALLEY HOSPITAL,0,0,2015
222010,2011,2013,3,0,0,,1,1,2014
222025,2011,2014,4,0,0,,1,1,2015
222026,2011,2015,5,0,0,,1,1,2016
222044,2011,2017,6,0,0,,1,1,2018
222045,2011,2017,6,0,0,,1,1,2018
224033,2012,2016,5,0,0,,1,1,2017
230004,2011,2014,4,0,1,"MERCY HEALTH PARTNERS, MERCY CAMPUS",0,0,2015
230040,2011,2018,8,0,1,PENNOCK HOSPITAL,0,0,2019
230106,2011,2013,3,0,0,SPECTRUM HEALTH GERBER MEMORIAL,1,1,2014
231317,2011,2015,5,0,0,,1,1,2016
231335,2011,2013,3,0,0,WEST SHORE MEDICAL CENTER,1,1,2014
232025,2011,2014,4,0,0,,1,1,2015
232026,2011,2017,7,0,0,,1,1,2018
232027,2011,2017,7,0,0,,1,1,2018
232030,2011,2017,7,0,0,,1,1,2018
232032,2011,2017,7,0,0,,1,1,2018
232038,2011,2017,7,0,0,,1,1,2018
233025,2011,2014,4,0,0,,1,1,2015
233029,2011,2013,3,0,0,,1,1,2014
240061,2011,2013,3,0,0,MAYO CLINIC METHODIST HOSPITAL,1,1,2014
240117,2011,2013,3,0,0,MAYO CLINIC HEALTH SYSTEM - AUSTIN,1,1,2014
240132,2011,2016,6,0,0,UNITY HOSPITAL,1,1,2017
240196,2011,2013,3,0,0,PHILLIPS EYE INSTITUTE,1,1,2014
241331,2011,2015,5,0,0,ALBANY AREA HOSPITAL,1,1,2016
241352,2011,2018,8,0,0,MAYO CLINIC HEALTH SYSTEM - SPRINGFIELD,1,1,2019
243303,2011,2018,8,0,0,,1,1,2019
244010,2011,2016,6,0,0,,1,1,2017
250010,2011,2015,5,0,0,TIPPAH COUNTY HOSPITAL,1,1,2016
250015,2011,2014,4,0,1,GRENADA LAKE MEDICAL CENTER,0,0,2015
250017,2011,2018,8,0,0,TRACE REGIONAL HOSP AND SWING BED,1,1,2019
250051,2011,2013,3,0,0,KILMICHAEL HOSPITAL,1,1,2014
250059,2011,2014,4,0,0,MONTFORT JONES MEMORIAL HOSPITAL,1,1,2015
250081,2011,2015,5,1,1,ANDERSON REGIONAL MEDICAL CENTER SOUTH CAMPUS,0,0,2016
250122,2011,2015,5,0,1,NATCHEZ COMMUNITY HOSPITAL/SWING BED,0,0,2016
250126,2011,2017,7,0,0,NORTH OAK REGIONAL MEDICAL CENTER,1,1,2018
250163,2011,2015,3,0,0,PATIENTS CHOICE MEDICAL CENTER,1,1,2016
251314,2011,2016,6,0,0,QUITMAN COUNTY HOSPITAL CAH,1,1,2017
251332,2012,2015,4,0,0,PIONEER HEALTH SERVICES OF NEWTON,1,1,2016
252009,2011,2017,7,0,0,,1,1,2018
252010,2011,2016,6,0,0,,1,1,2017
252012,2011,2016,6,0,0,,1,1,2017
260004,2011,2018,8,0,1,COOPER COUNTY MEMORIAL HOSPITAL,0,0,2019
260015,2011,2018,8,0,1,TWIN RIVERS REGIONAL MEDICAL CENTER,0,0,2019
260080,2011,2018,8,0,0,RIPLEY COUNTY MEMORIAL HOSPITAL,1,1,2019
260116,2011,2015,5,0,0,MINERAL AREA REGIONAL MEDICAL CENTER,1,1,2016
260147,2011,2014,4,0,0,SAC-OSAGE HOSPITAL,1,1,2015
260207,2011,2016,5,0,0,OZARKS COMMUNITY HOSPITAL,1,1,2017
260229,2013,2015,3,0,0,,1,1,2016
262001,2011,2014,4,0,0,ST VINCENT HOME HEALTH CARE,1,1,2015
262011,2011,2017,7,0,0,,1,1,2018
262012,2011,2013,3,0,0,,1,1,2014
262014,2011,2018,8,0,0,,1,1,2019
264007,2011,2017,7,0,0,,1,1,2018
264016,2011,2013,3,0,0,,1,1,2014
264018,2011,2016,6,0,0,,1,1,2017
264027,2011,2013,3,0,0,,1,1,2014
264029,2012,2015,4,0,0,,1,1,2016
271304,2011,2018,8,0,0,MISSOURI RIVER MEDICAL CENTER,1,1,2019
280030,2011,2015,5,0,1,CREIGHTON UNIVERSITY MEDICAL CENTER - SAINT JOSEPH,0,0,2016
280119,2011,2014,4,0,0,WINNEBAGO IHS HOSPITAL,1,1,2015
281317,2011,2014,4,1,1,TILDEN COMMUNITY HOSPITAL,0,0,2015
290002,2011,2016,6,0,0,SOUTH LYON MEDICAL CENTER,1,1,2017
290006,2011,2015,5,0,0,BANNER CHURCHILL COMMUNITY HOSPITAL,1,1,2016
290020,2011,2014,4,0,0,NYE REGIONAL MEDICAL CENTER,1,1,2015
290051,2011,2015,5,0,0,SIERRA SURGERY HOSPITAL,1,1,2016
294008,2011,2016,6,0,0,,1,1,2017
312014,2013,2018,5,0,0,,1,1,2019
314026,2011,2018,8,0,0,,1,1,2019
320013,2011,2017,7,0,0,HOLY CROSS HOSPITAL A DIV OF TAOS HEALTH SYSTEMS,1,1,2018
330037,2011,2013,3,0,0,LAKESIDE MEMORIAL HOSPITAL,1,1,2014
330053,2011,2014,4,0,0,MEDINA MEMORIAL HOSPITAL,1,1,2015
330061,2011,2018,8,0,1,LAWRENCE HOSPITAL CENTER,0,0,2019
330064,2011,2013,3,0,0,NEW YORK DOWNTOWN HOSPITAL,1,1,2014
330067,2011,2014,4,0,0,ST FRANCIS HOSPITAL,1,1,2015
330132,2011,2018,8,0,0,,1,1,2019
330167,2011,2018,8,0,1,WINTHROP-UNIVERSITY HOSPITAL,0,0,2019
330177,2011,2013,3,0,0,EDWARD JOHN  NOBLE HOSPITAL OF GOUVERNEUR,1,1,2014
330213,2011,2014,4,0,0,LEWIS COUNTY GENERAL HOSPITAL,1,1,2015
330225,2011,2013,3,0,0,LONG BEACH MEDICAL CENTER,1,1,2014
330232,2011,2018,8,1,1,SETON HEALTH SYSTEM-ST MARY'S CAMPUS,0,0,2019
330249,2011,2014,4,0,0,"COMMUNITY MEMORIAL HOSPITAL, INC",1,1,2015
330263,2011,2014,4,0,0,"CARTHAGE AREA HOSPITAL, INC",1,1,2015
330268,2011,2018,8,0,0,COBLESKILL REGIONAL HOSPITAL,1,1,2019
330306,2011,2015,5,0,0,LUTHERAN MEDICAL CENTER,1,1,2016
330316,2011,2013,3,0,0,NEW YORK WESTCHESTER SQUARE MEDICAL CENTER,1,1,2014
330340,2011,2017,7,0,0,SOUTHAMPTON HOSPITAL,1,1,2018
330353,2011,2015,5,0,0,FOREST HILLS HOSPITAL,1,1,2016
330372,2011,2015,5,0,0,FRANKLIN HOSPITAL,1,1,2016
330404,2011,2015,5,0,0,WINIFRED MASTERSON BURKE REHABILITATION HOSPITAL,1,1,2016
330408,2011,2017,7,0,0,,1,1,2018
331306,2011,2018,7,0,0,MOSES-LUDINGTON HOSPITAL,1,1,2019
332014,2011,2015,5,0,0,,1,1,2016
332016,2012,2015,4,0,0,,1,1,2016
334055,2011,2013,3,0,0,,1,1,2014
334059,2011,2013,3,0,0,,1,1,2014
340011,2011,2015,5,0,0,SPRUCE PINE COMMUNITY HOSPITAL,1,1,2016
340036,2011,2015,5,0,0,FRANKLIN REGIONAL MEDICAL CENTER,1,1,2016
340106,2011,2017,7,0,1,SANDHILLS REGIONAL MEDICAL CENTER,0,0,2018
340153,2011,2014,4,0,0,PRESBYTERIAN-ORTHOPAEDIC HOSPITAL,1,1,2015
340160,2011,2014,4,1,1,MURPHY MEDICAL CENTER INC,0,0,2015
341302,2011,2018,8,0,0,OUR COMMUNITY HOSPITAL,1,1,2019
341308,2011,2015,5,0,0,YADKIN VALLEY COMMUNITY HOSPITAL,1,1,2016
341310,2011,2014,4,1,1,PUNGO DISTRICT HOSPITAL,0,0,2015
341313,2011,2013,3,0,0,DAVIE COUNTY HOSPITAL,1,1,2014
341321,2011,2013,3,1,1,BLOWING ROCK HOSPITAL,0,0,2014
342014,2011,2018,8,0,0,,1,1,2019
342016,2011,2016,6,0,0,,1,1,2017
342019,2011,2018,8,0,0,,1,1,2019
344001,2011,2016,6,0,0,,1,1,2017
344031,2016,2018,3,0,0,,1,1,2019
360019,2011,2015,5,0,0,SUMMA HEALTH SYSTEM BARBERTON HOSPITAL,1,1,2016
360052,2011,2018,8,0,1,GOOD SAMARITAN HOSPITAL,0,0,2019
360074,2011,2018,8,0,0,FLOWER HOSPITAL,1,1,2019
360113,2011,2013,3,0,0,MERCY FRANCISCAN HOSPITAL WESTERN HILLS,1,1,2014
360116,2011,2013,3,1,1,BROWN COUNTY REGIONAL HEALTHCARE,0,0,2014
360141,2011,2018,8,0,1,NORTHSIDE MEDICAL CENTER,0,0,2019
360151,2011,2017,7,0,0,AFFINITY MEDICAL CENTER,1,1,2018
360153,2011,2018,8,0,0,BELMONT COMMUNITY HOSPITAL,1,1,2019
360195,2011,2014,4,0,0,SUMMA WADSWORTH-RITTMAN HOSPITAL,1,1,2015
360212,2011,2016,6,0,0,LAKEWOOD HOSPITAL,1,1,2017
360274,2011,2018,8,0,0,MEDICAL CENTER AT ELIZABETH PLACE,1,1,2019
361303,2011,2018,7,0,1,LODI COMMUNITY HOSPITAL,0,0,2019
361305,2011,2013,3,0,0,DOCTORS HOSPITAL OF NELSONVILLE,1,1,2014
362014,2011,2018,8,0,0,,1,1,2019
362021,2011,2016,6,0,0,,1,1,2017
362034,2011,2017,7,0,0,,1,1,2018
362039,2011,2016,6,0,0,,1,1,2017
363032,2011,2014,4,0,0,,1,1,2015
364046,2012,2014,3,0,0,,1,1,2015
370007,2011,2016,6,0,0,NEWMAN MEMORIAL HOSPITAL,1,1,2017
370011,2011,2018,8,0,0,MERCY HOSPITAL EL RENO,1,1,2019
370032,2011,2018,8,0,1,DEACONESS HOSPITAL,0,0,2019
370036,2011,2016,6,0,0,HARMON MEMORIAL HOSPITAL,1,1,2017
370040,2011,2016,6,0,0,EASTERN OKLAHOMA MEDICAL CENTER,1,1,2017
370048,2011,2017,7,0,0,MCCURTAIN MEMORIAL HOSPITAL,1,1,2018
370051,2011,2016,6,0,0,MEMORIAL HOSPITAL & PHYSICIAN GROUP,1,1,2017
370065,2011,2016,6,0,1,CRAIG GENERAL HOSPITAL,0,0,2017
370072,2011,2016,6,0,0,LATIMER COUNTY GENERAL HOSPITAL,1,1,2017
370080,2011,2017,7,0,0,SHARE MEMORIAL HOSPITAL,1,1,2018
370103,2011,2016,6,0,1,"SAYRE MEMORIAL HOSPITAL, INC",0,0,2017
370138,2011,2016,6,0,0,MEMORIAL HOSPITAL OF TEXAS COUNTY,1,1,2017
370156,2011,2018,8,0,0,PAULS VALLEY GENERAL HOSPITAL,1,1,2019
370169,2011,2016,6,0,0,EPIC MEDICAL CENTER,1,1,2017
370233,2011,2017,7,0,0,PINNACLE SPECIALTY HOSPITAL,1,1,2018
371311,2011,2017,7,0,1,JEFFERSON COUNTY HOSPITAL,0,0,2018
371318,2011,2018,8,0,0,FAIRFAX COMMUNITY HOSPITAL,1,1,2019
372011,2011,2017,7,0,0,,1,1,2018
372017,2011,2016,6,0,0,,1,1,2017
372021,2011,2016,6,0,0,,1,1,2017
373026,2011,2016,6,0,0,,1,1,2017
374024,2015,2018,4,0,0,,1,1,2019
390008,2011,2018,8,0,0,ELLWOOD CITY HOSPITAL,1,1,2019
390019,2011,2016,6,0,0,PALMERTON HOSPITAL,1,1,2017
390031,2011,2017,7,0,1,SCHUYLKILL MEDICAL CENTER - EAST NORWEGIAN STREET,0,0,2018
390043,2011,2016,6,0,1,SOLDIERS AND SAILORS MEMORIAL HOSPITAL,0,0,2017
390061,2011,2018,8,0,1,LANCASTER REGIONAL MEDICAL CENTER,0,0,2019
390118,2011,2017,7,0,0,BRADFORD REGIONAL MEDICAL CENTER,1,1,2018
390122,2011,2014,4,0,0,TITUSVILLE HOSPITAL,1,1,2015
390132,2011,2015,5,0,0,ST JOSEPH'S HOSPITAL,1,1,2016
390154,2011,2015,5,0,0,ELK REGIONAL HEALTH CENTER,1,1,2016
390258,2011,2018,8,0,1,ST MARY MEDICAL CENTER,0,0,2019
390263,2011,2017,7,0,0,LEHIGH VALLEY HOSPITAL - MUHLENBERG,1,1,2018
390302,2011,2018,7,0,0,BARIX CLINICS OF PENNSYLVANIA,1,1,2019
390318,2011,2013,3,0,0,WESTFIELD HOSPITAL,1,1,2014
391311,2011,2013,3,0,1,MID-VALLEY HOSPITAL,0,0,2014
392024,2011,2018,8,0,0,,1,1,2019
392034,2011,2013,3,0,0,,1,1,2014
392038,2011,2017,7,0,0,,1,1,2018
392041,2011,2016,6,0,0,,1,1,2017
392042,2011,2014,4,0,0,,1,1,2015
392046,2011,2018,8,0,0,,1,1,2019
392049,2011,2014,4,0,0,,1,1,2015
393308,2011,2018,8,0,0,,1,1,2019
394007,2011,2018,8,0,0,,1,1,2019
394048,2011,2018,8,0,0,,1,1,2019
400009,2011,2015,5,0,0,,1,1,2016
400024,2011,2013,3,0,0,,1,1,2014
400026,2011,2015,5,0,0,,1,1,2016
400121,2011,2014,4,0,0,,1,1,2015
410001,2011,2018,8,0,1,MEMORIAL HOSPITAL OF RHODE ISLAND,0,0,2019
420016,2011,2015,5,0,0,BARNWELL COUNTY HOSPITAL,1,1,2016
420039,2011,2015,5,0,1,WALLACE THOMSON HOSPITAL,0,0,2016
420054,2011,2013,3,0,0,MARLBORO PARK HOSPITAL,1,1,2014
420062,2011,2014,4,0,0,CHESTERFIELD GENERAL HOSPITAL,1,1,2015
420069,2011,2016,6,0,1,CLARENDON MEMORIAL HOSPITAL,0,0,2017
420083,2011,2018,8,0,1,MARY BLACK MEMORIAL HOSPITAL,0,0,2019
424003,2011,2015,5,0,0,,1,1,2016
430081,2011,2017,7,0,0,PHS INDIAN HOSPITAL AT PINE RIDGE,1,1,2018
430092,2011,2015,5,0,0,DAKOTA PLAINS SURGICAL CENTER LLP,1,1,2016
430094,2011,2013,3,0,0,SPEARFISH REGIONAL SURGERY CENTER,1,1,2014
430096,2011,2017,7,0,0,LEWIS AND CLARK SPECIALTY HOSPITAL,1,1,2018
440025,2011,2018,8,0,1,"LAUGHLIN MEMORIAL HOSPITAL, INC",0,0,2019
440047,2011,2013,3,0,0,GIBSON GENERAL HOSPITAL,1,1,2014
440051,2011,2016,6,0,0,MCNAIRY REGIONAL HOSPITAL,1,1,2017
440054,2011,2013,3,0,1,WOODS MEMORIAL HOSPITAL,0,0,2014
440064,2011,2014,4,0,0,GRANDVIEW MEDICAL CENTER,1,1,2015
440067,2011,2018,7,0,0,LAKEWAY REGIONAL HOSPITAL,1,1,2019
440083,2011,2018,8,0,1,JAMESTOWN REGIONAL MEDICAL CENTER,0,0,2019
440115,2011,2013,3,0,0,HUMBOLDT GENERAL HOSPITAL INC,1,1,2014
440141,2011,2014,4,0,0,CUMBERLAND RIVER HOSPITAL,1,1,2015
440147,2014,2016,3,0,0,BAPTIST REHABILITATION GERMANTOWN,1,1,2017
440162,2011,2013,3,0,0,HEALTHSOUTH CHATTANOOGA REHAB HOSPITAL,1,1,2014
440168,2011,2015,5,0,0,METHODIST HEALTHCARE FAYETTE HOSPITAL,1,1,2016
440174,2011,2014,4,0,0,HAYWOOD PARK COMMUNITY HOSPITAL,1,1,2015
440181,2011,2017,7,0,0,BOLIVAR GENERAL HOSPITAL,1,1,2018
440182,2011,2018,8,0,0,MCKENZIE REGIONAL HOSPITAL,1,1,2019
440189,2011,2018,8,0,0,REGIONAL HOSPITAL OF JACKSON,1,1,2019
440232,2013,2018,6,0,0,HOUSTON COUNTY COMMUNITY HOSPITAL,1,1,2019
441304,2011,2018,7,0,1,JOHNSON COUNTY COMMUNITY HOSPITAL,0,0,2019
441308,2011,2015,5,0,0,MEDICAL CENTER OF MANCHESTER,1,1,2016
441315,2011,2016,6,0,0,COPPER BASIN MEDICAL CENTER,1,1,2017
441318,2014,2016,3,0,0,,1,1,2017
441319,2015,2018,4,0,0,CUMBERLAND RIVER HOSPITAL,1,1,2019
442012,2011,2017,7,0,0,,1,1,2018
442013,2011,2015,5,0,0,,1,1,2016
444020,2011,2013,3,0,0,,1,1,2014
450005,2011,2014,4,0,0,MEMORIAL HERMANN BAPTIST ORANGE HOSPITAL,1,1,2015
450037,2011,2017,7,0,0,GOOD SHEPHERD MEDICAL CENTER,1,1,2018
450052,2011,2015,5,0,0,GOODALL WITCHER HOSPITAL,1,1,2016
450073,2011,2015,5,0,0,COGDELL MEMORIAL HOSPITAL,1,1,2016
450177,2011,2015,5,0,0,UVALDE MEMORIAL HOSPITAL,1,1,2016
450178,2011,2017,7,0,0,PECOS COUNTY MEMORIAL HOSPITAL,1,1,2018
450188,2011,2014,4,0,0,ETMC CLARKSVILLE,1,1,2015
450214,2011,2014,4,0,0,GULF COAST MEDICAL CENTER,1,1,2015
450221,2011,2016,6,0,0,MOORE COUNTY HOSPITAL DISTRICT,1,1,2017
450243,2011,2018,8,0,0,HAMLIN MEMORIAL HOSPITAL,1,1,2019
450280,2011,2017,7,0,1,BAYLOR MEDICAL CENTER AT GARLAND,0,0,2018
450293,2011,2017,7,0,0,FRIO REGIONAL HOSPITAL,1,1,2018
450306,2011,2017,7,0,0,STAMFORD MEMORIAL HOSPITAL,1,1,2018
450373,2011,2014,4,0,0,EAST TEXAS MEDICAL CENTER MOUNT VERNON,1,1,2015
450446,2011,2013,3,0,0,RIVERSIDE GENERAL HOSPITAL,1,1,2014
450488,2011,2013,3,0,0,ALLEGIANCE SPECIALTY HOSPITAL OF KILGORE,1,1,2014
450497,2011,2014,4,0,0,BOWIE MEMORIAL HOSPITAL,1,1,2015
450580,2011,2017,7,0,0,EAST TEXAS MEDICAL CENTER CROCKETT,1,1,2018
450591,2011,2014,4,0,0,ANGLETON-DANBURY MEDICAL CENTER,1,1,2015
450620,2011,2017,7,0,0,DIMMIT COUNTY MEMORIAL HOSPITAL,1,1,2018
450658,2011,2018,8,0,1,EAST TEXAS MEDICAL CENTER - FAIRFIELD,0,0,2019
450716,2011,2018,8,0,1,CYPRESS FAIRBANKS MEDICAL CENTER,0,0,2019
450749,2011,2017,7,0,0,EAST TEXAS MEDICAL CENTER TRINITY,1,1,2018
450754,2011,2018,8,0,0,HAMILTON GENERAL HOSPITAL,1,1,2019
450766,2011,2018,8,0,0,UT SOUTHWESTERN UNIVERSITY HOSPITAL-ZALE LIPSHY,1,1,2019
450795,2011,2013,3,0,0,ST ANTHONY'S HOSPITAL,1,1,2014
450796,2011,2015,5,0,0,NORTHWEST TEXAS SURGERY CENTER,1,1,2016
450797,2011,2017,7,0,0,HOUSTON HOSPITAL FOR SPECIALIZED SURGERY,1,1,2018
450832,2011,2014,4,0,1,CHRISTUS ST CATHERINE HOSPITAL,0,0,2015
450845,2011,2018,8,0,0,EL PASO SPECIALTY HOSPITAL,1,1,2019
450884,2011,2014,4,0,0,EAST TEXAS MEDICAL CENTER - GILMER,1,1,2015
450894,2011,2018,8,0,1,PINE CREEK MEDICAL CENTER LLP,0,0,2019
451301,2011,2018,7,0,0,REAGAN MEMORIAL HOSPITAL,1,1,2019
451302,2011,2014,4,0,0,GOOD SHEPHARD MEDICAL CENTER-LINDEN,1,1,2015
451321,2011,2015,5,0,1,HUNT REGIONAL COMMUNITY HOSPITAL,0,0,2016
451326,2011,2018,8,0,0,CHILLICOTHE HOSPITAL DISTRICT,1,1,2019
451357,2011,2018,6,0,0,RICHARDS MEMORIAL HOSPITAL,1,1,2019
452017,2011,2014,4,0,0,,1,1,2015
452027,2011,2013,3,0,0,,1,1,2014
452033,2012,2017,3,0,0,,1,1,2018
452040,2011,2018,8,0,0,,1,1,2019
452043,2011,2017,7,0,0,,1,1,2018
452049,2011,2016,6,0,0,,1,1,2017
452050,2011,2013,3,0,0,,1,1,2014
452054,2011,2017,7,0,0,,1,1,2018
452060,2011,2018,8,0,0,,1,1,2019
452063,2011,2016,6,0,0,,1,1,2017
452066,2011,2017,7,0,0,,1,1,2018
452071,2011,2016,6,0,0,,1,1,2017
452078,2011,2016,6,0,0,,1,1,2017
452082,2011,2017,7,0,0,,1,1,2018
452092,2011,2018,8,0,0,,1,1,2019
452093,2011,2015,5,0,0,,1,1,2016
452099,2011,2016,6,0,0,,1,1,2017
452103,2011,2018,8,0,0,,1,1,2019
452109,2011,2017,6,0,0,,1,1,2018
452113,2011,2015,5,0,0,,1,1,2016
452116,2011,2016,6,0,0,,1,1,2017
452117,2014,2018,5,0,0,,1,1,2019
453038,2011,2014,3,0,0,,1,1,2015
453041,2011,2017,7,0,0,,1,1,2018
453044,2011,2016,6,0,0,,1,1,2017
453094,2011,2016,6,0,0,,1,1,2017
454014,2011,2013,3,0,0,,1,1,2014
454081,2011,2015,5,0,0,,1,1,2016
454098,2011,2016,6,0,0,,1,1,2017
454105,2011,2016,6,0,0,,1,1,2017
454112,2011,2013,3,0,0,,1,1,2014
454113,2011,2017,7,0,0,,1,1,2018
454120,2013,2015,3,0,0,,1,1,2016
454121,2013,2018,6,0,0,,1,1,2019
460033,2011,2016,6,0,0,GARFIELD MEMORIAL HOSPITAL,1,1,2017
460035,2011,2016,6,0,0,BEAVER VALLEY HOSPITAL,1,1,2017
464009,2011,2018,8,0,0,,1,1,2019
464011,2012,2017,6,0,0,,1,1,2018
474004,2015,2017,3,0,0,,1,1,2018
490012,2011,2013,3,0,0,LEE REGIONAL MEDICAL CENTER,1,1,2014
490079,2011,2017,7,0,0,MEMORIAL HOSPITAL OF MARTINSVILLE & HENRY COUNTY,1,1,2018
490106,2011,2013,3,0,0,WESTERN STATE HOSPITAL,1,1,2014
490109,2011,2013,3,0,0,EASTERN STATE HOSPITAL,1,1,2014
490123,2011,2015,5,0,1,RAPPAHANNOCK GENERAL HOSPITAL,0,0,2016
490134,2011,2014,4,0,0,PIEDMONT GERIATRIC HOSPITAL,1,1,2015
490135,2011,2014,4,0,0,CATAWBA HOSPITAL,1,1,2015
491306,2011,2017,7,0,0,"PIONEER HEALTH SERVICES OF PATRICK COUNTY,INC",1,1,2018
494001,2011,2015,5,0,0,ALAMO HOMECARE,1,1,2016
494010,2011,2017,7,0,0,,1,1,2018
500049,2011,2017,7,0,0,WALLA WALLA GENERAL HOSPITAL,1,1,2018
501338,2011,2015,5,0,0,SNOQUALMIE VALLEY HOSPITAL,1,1,2016
504003,2011,2018,8,0,0,,1,1,2019
510053,2011,2014,4,0,0,ST JOSEPH HOSPITAL,1,1,2015
510082,2011,2018,8,0,0,SUMMERSVILLE REGIONAL MEDICAL CENTER,1,1,2019
510085,2011,2014,4,0,0,CAMC TEAYS VALLEY HOSPITAL,1,1,2015
514010,2011,2017,7,0,0,,1,1,2018
520048,2011,2017,7,0,1,MERCY MED CTR OF OSHKOSH,0,0,2018
520195,2011,2017,7,0,0,COLUMBIA CENTER,1,1,2018
520204,2011,2017,7,0,1,"WHEATON FRANCISCAN HEALTHCARE- FRANKLIN, INC",0,0,2018
521328,2011,2018,8,0,1,RUSK COUNTY MEM HSPTL,0,0,2019
522004,2011,2018,8,0,0,AC HOMENURSING SERVICES INC,1,1,2019
530010,2011,2014,4,0,0,LANDER REGIONAL HOSPITAL,1,1,2015
530033,2011,2018,8,0,0,MOUNTAIN VIEW REGIONAL HOSPITAL,1,1,2019
670002,2011,2014,4,0,1,"MAYS HOUSECALL HOME HEALTH, INC",0,0,2015
670012,2011,2015,5,0,1,FOUNDATION SURGICAL HOSPITAL,0,0,2016
670018,2011,2013,3,0,0,DOCTORS DIAGNOSTIC HOSPITAL,1,1,2014
670019,2011,2015,5,0,0,UNIVERSITY GENERAL HOSPITAL,1,1,2016
670021,2011,2013,3,1,1,INNOVA HOSPITAL SAN ANTONIO,0,0,2014
670024,2011,2018,8,0,0,NORTH CYPRESS MEDICAL CENTER,1,1,2019
670029,2011,2014,4,0,0,FIRST STREET HOSPITAL LP,1,1,2015
670050,2011,2015,5,0,1,TRUSTPOINT HOSPITAL,0,0,2016
670052,2011,2013,3,0,0,DOCTORS HOSPITAL,1,1,2014
670058,2012,2018,7,0,0,EMERUS HOSPITAL,1,1,2019
670066,2011,2014,4,0,0,"BASIN HEALTHCARE CENTER, LLC",1,1,2015
670072,2011,2015,5,0,0,"WESTBURY COMMUNITY HOSPITAL, LLC",1,1,2016
670079,2012,2016,5,0,0,"LAKEWAY REGIONAL MEDICAL CENTER, LLC",1,1,2017
670083,2012,2016,4,0,0,TEXAS GENERAL HOSPITAL,1,1,2017
670087,2013,2018,6,0,0,SCOTT & WHITE EMERGENCY HOSPITAL AT CEDAR PARK,1,1,2019
670089,2013,2016,4,0,0,NIX COMMUNITY GENERAL HOSPITAL,1,1,2017
670092,2014,2016,3,0,0,WALNUT HILL MEDICAL CENTER,1,1,2017
670094,2014,2016,3,0,0,LITTLE RIVER HEALTHCARE CAMERON HOSPITAL,1,1,2017
670096,2014,2016,3,0,0,"BAY AREA REGIONAL MEDICAL CENTER, LLC",1,1,2017
673033,2011,2016,6,0,0,,1,1,2017
673047,2011,2014,4,0,0,,1,1,2015
